iter	RMSE
0	59.70561482
1	59.24341205
2	58.78603812
3	58.32848927
4	57.87772734
5	57.43021975
6	56.98801494
